{
  "Total" : {
    "transaction" : "Total",
    "sampleCount" : 30,
    "errorCount" : 0,
    "errorPct" : 0.0,
    "meanResTime" : 193.39999999999998,
    "medianResTime" : 184.5,
    "minResTime" : 92.0,
    "maxResTime" : 341.0,
    "pct1ResTime" : 300.5,
    "pct2ResTime" : 319.54999999999995,
    "pct3ResTime" : 341.0,
    "throughput" : 20.408163265306122,
    "receivedKBytesPerSec" : 25.217235331632654,
    "sentKBytesPerSec" : 4.903406675170068
  },
  "Get one activity" : {
    "transaction" : "Get one activity",
    "sampleCount" : 10,
    "errorCount" : 0,
    "errorPct" : 0.0,
    "meanResTime" : 186.4,
    "medianResTime" : 184.5,
    "minResTime" : 183.0,
    "maxResTime" : 197.0,
    "pct1ResTime" : 196.2,
    "pct2ResTime" : 197.0,
    "pct3ResTime" : 197.0,
    "throughput" : 10.235414534288639,
    "receivedKBytesPerSec" : 3.5174241939611055,
    "sentKBytesPerSec" : 2.0590775332650972
  },
  "Post activity" : {
    "transaction" : "Post activity",
    "sampleCount" : 10,
    "errorCount" : 0,
    "errorPct" : 0.0,
    "meanResTime" : 100.3,
    "medianResTime" : 94.0,
    "minResTime" : 92.0,
    "maxResTime" : 150.0,
    "pct1ResTime" : 144.90000000000003,
    "pct2ResTime" : 150.0,
    "pct3ResTime" : 150.0,
    "throughput" : 10.604453870625663,
    "receivedKBytesPerSec" : 3.5002982502651117,
    "sentKBytesPerSec" : 3.355315482502651
  },
  "Get All Activities" : {
    "transaction" : "Get All Activities",
    "sampleCount" : 10,
    "errorCount" : 0,
    "errorPct" : 0.0,
    "meanResTime" : 293.5,
    "medianResTime" : 285.0,
    "minResTime" : 280.0,
    "maxResTime" : 341.0,
    "pct1ResTime" : 337.1,
    "pct2ResTime" : 341.0,
    "pct3ResTime" : 341.0,
    "throughput" : 8.438818565400844,
    "receivedKBytesPerSec" : 25.596650843881854,
    "sentKBytesPerSec" : 1.7149591244725737
  }
}