{
  "Total" : {
    "transaction" : "Total",
    "sampleCount" : 30,
    "errorCount" : 0,
    "errorPct" : 0.0,
    "meanResTime" : 186.9,
    "medianResTime" : 184.0,
    "minResTime" : 92.0,
    "maxResTime" : 288.0,
    "pct1ResTime" : 284.9,
    "pct2ResTime" : 287.45,
    "pct3ResTime" : 288.0,
    "throughput" : 20.50580997949419,
    "receivedKBytesPerSec" : 25.31853426179084,
    "sentKBytesPerSec" : 4.92686795112782
  },
  "Get one activity" : {
    "transaction" : "Get one activity",
    "sampleCount" : 10,
    "errorCount" : 0,
    "errorPct" : 0.0,
    "meanResTime" : 183.79999999999998,
    "medianResTime" : 184.0,
    "minResTime" : 181.0,
    "maxResTime" : 187.0,
    "pct1ResTime" : 186.8,
    "pct2ResTime" : 187.0,
    "pct3ResTime" : 187.0,
    "throughput" : 9.24214417744917,
    "receivedKBytesPerSec" : 3.1769870609981514,
    "sentKBytesPerSec" : 1.8592594731977818
  },
  "Post activity" : {
    "transaction" : "Post activity",
    "sampleCount" : 10,
    "errorCount" : 0,
    "errorPct" : 0.0,
    "meanResTime" : 93.3,
    "medianResTime" : 93.0,
    "minResTime" : 92.0,
    "maxResTime" : 97.0,
    "pct1ResTime" : 96.7,
    "pct2ResTime" : 97.0,
    "pct3ResTime" : 97.0,
    "throughput" : 10.101010101010102,
    "receivedKBytesPerSec" : 3.334122474747475,
    "sentKBytesPerSec" : 3.1960227272727275
  },
  "Get All Activities" : {
    "transaction" : "Get All Activities",
    "sampleCount" : 10,
    "errorCount" : 0,
    "errorPct" : 0.0,
    "meanResTime" : 283.6,
    "medianResTime" : 282.5,
    "minResTime" : 281.0,
    "maxResTime" : 288.0,
    "pct1ResTime" : 287.9,
    "pct2ResTime" : 288.0,
    "pct3ResTime" : 288.0,
    "throughput" : 8.438818565400844,
    "receivedKBytesPerSec" : 25.571927742616033,
    "sentKBytesPerSec" : 1.7149591244725737
  }
}